datetime,high,low,open,close,volume
1675209600000.00 ,1590,1576.43,1585.32,1583.34,16798.76
1675213200000.00 ,1592.94,1580.35,1583.34,1588.92,14006.6
1675216800000.00 ,1589.44,1582.21,1588.93,1585.66,8378.36
1675220400000.00 ,1585.98,1578.8,1585.66,1584.61,7889.19
1675224000000.00 ,1585.65,1581.32,1584.62,1582.98,6762.63
1675227600000.00 ,1585.7,1582.2,1582.99,1583.07,5587.18
1675231200000.00 ,1583.41,1573.8,1583.07,1574.93,11742.76
1675234800000.00 ,1578.76,1569.67,1574.93,1575.36,10988.12
1675238400000.00 ,1576.29,1566.72,1575.37,1570.55,15876.99
1675242000000.00 ,1575.07,1566.24,1570.55,1573.34,10228
1675245600000.00 ,1576.39,1570.8,1573.35,1575,9459.97
1675249200000.00 ,1583.68,1574.93,1575,1580.87,10391.72
1675252800000.00 ,1583.28,1578.12,1580.87,1579.17,8527.74
1675256400000.00 ,1587.74,1573.27,1579.18,1581.41,17073.4
1675260000000.00 ,1589.8,1576.3,1581.42,1584.89,17424.24
1675263600000.00 ,1585.7,1572.13,1584.89,1575.53,22023.23
1675267200000.00 ,1580.22,1570.66,1575.53,1575.73,10206.39
1675270800000.00 ,1579.75,1566.92,1575.73,1571.53,10636.93
1675274400000.00 ,1586.56,1567.13,1571.54,1580.88,23234.61
1675278000000.00 ,1627.06,1555.18,1580.87,1617.48,112352.77
1675281600000.00 ,1639.8,1613.63,1617.47,1632.69,53523.67
1675285200000.00 ,1647.47,1632.6,1632.69,1635.23,32710.66
1675288800000.00 ,1647.77,1635.23,1635.24,1637.89,19195.88
1675292400000.00 ,1647.33,1637.16,1637.89,1641.68,19597.37
1675296000000.00 ,1696.38,1639.32,1641.67,1692.5,81709
1675299600000.00 ,1692.51,1674.45,1692.51,1675.63,33595.84
1675303200000.00 ,1678,1666.59,1675.64,1670.22,20274.28
1675306800000.00 ,1677.27,1669.99,1670.22,1671.13,16777.21
1675310400000.00 ,1675.65,1669.2,1671.13,1672.82,14532.19
1675314000000.00 ,1676.76,1670,1672.83,1670,11871.87
1675317600000.00 ,1671.35,1660.17,1670.01,1666.54,15391.79
1675321200000.00 ,1670.31,1662.08,1666.55,1664.21,15125.01
1675324800000.00 ,1670.58,1662.13,1664.21,1669.93,13547.57
1675328400000.00 ,1674.34,1665.4,1669.92,1674.22,11409.78
1675332000000.00 ,1674.76,1667.41,1674.23,1668.93,10371.73
1675335600000.00 ,1672.66,1668.84,1668.94,1671.99,8269.26
1675339200000.00 ,1677,1669.56,1671.98,1676.71,13310.09
1675342800000.00 ,1676.8,1669.16,1676.71,1672.62,19591.3
1675346400000.00 ,1690,1650,1672.63,1656.57,67814.21
1675350000000.00 ,1685.78,1653.18,1656.57,1678.14,38025.37
1675353600000.00 ,1684.31,1672.28,1678.15,1672.28,22064.79
1675357200000.00 ,1682.91,1671.51,1672.28,1680.18,13328.52
1675360800000.00 ,1714.68,1680.18,1680.18,1701.27,53212.03
1675364400000.00 ,1703.18,1666.21,1701.27,1675.15,41310.67
1675368000000.00 ,1680.59,1670.35,1675.14,1680.53,13272.45
1675371600000.00 ,1686.3,1633.44,1680.54,1637.19,50970.59
1675375200000.00 ,1661.48,1626.85,1637.18,1655.64,25314.29
1675378800000.00 ,1656.39,1638.42,1655.63,1643.12,18099.04
1675382400000.00 ,1649.1,1631.04,1643.12,1646.6,20324.12
1675386000000.00 ,1650.43,1643.73,1646.61,1644.39,13034.33
1675389600000.00 ,1647.75,1633.37,1644.4,1638.76,13578.27
1675393200000.00 ,1642.2,1630.67,1638.76,1642.17,11995.2
1675396800000.00 ,1644.42,1639,1642.17,1640.23,10759.75
1675400400000.00 ,1644.91,1638.53,1640.23,1643.89,7538.87
1675404000000.00 ,1645.45,1639.29,1643.9,1640.84,8475.91
1675407600000.00 ,1647.24,1636.07,1640.84,1637.49,16453.26
1675411200000.00 ,1641.94,1629.96,1637.5,1640.93,17491.78
1675414800000.00 ,1643.72,1640.18,1640.92,1641.97,7274.51
1675418400000.00 ,1644.95,1635.61,1641.98,1644.66,11632.86
1675422000000.00 ,1650.83,1641.88,1644.65,1649.2,12371.06
1675425600000.00 ,1654.93,1645.29,1649.2,1652.04,18769.77
1675429200000.00 ,1653.95,1625.93,1652.05,1637.11,67107.08
1675432800000.00 ,1664.92,1627.12,1637.1,1662.06,62411.69
1675436400000.00 ,1675,1650.45,1662.06,1663.93,48678.72
1675440000000.00 ,1676,1656.95,1663.93,1657.07,24765.15
1675443600000.00 ,1674.23,1655.99,1657.07,1660.99,18098.99
1675447200000.00 ,1662.8,1651.31,1660.98,1657.08,20009.46
1675450800000.00 ,1660,1650.74,1657.09,1652.91,12009.48
1675454400000.00 ,1661.68,1642.4,1652.9,1655.74,15223.01
1675458000000.00 ,1658.6,1651.81,1655.74,1657.32,6354.04
1675461600000.00 ,1669.99,1656.39,1657.33,1667.21,10368.91
1675465200000.00 ,1672.13,1662.17,1667.21,1663.52,10088.83
1675468800000.00 ,1665.95,1658.01,1663.52,1662.03,12417.65
1675472400000.00 ,1664.31,1655.73,1662.04,1657,12704.97
1675476000000.00 ,1659.24,1650,1656.99,1657.69,10876.55
1675479600000.00 ,1658.35,1651.77,1657.69,1654.36,4869.87
1675483200000.00 ,1654.52,1650.6,1654.37,1652.7,7113.41
1675486800000.00 ,1653.3,1646.1,1652.71,1651.33,8671.6
1675490400000.00 ,1655.29,1645.43,1651.32,1654,7230.8
1675494000000.00 ,1660,1653.44,1653.99,1658.17,9380.86
1675497600000.00 ,1658.87,1652.2,1658.17,1652.24,6469.98
1675501200000.00 ,1658.37,1651.39,1652.24,1657.77,13867.87
1675504800000.00 ,1662.73,1657.16,1657.77,1660.2,14359.2
1675508400000.00 ,1662.7,1658.84,1660.19,1661.92,6425.45
1675512000000.00 ,1667.56,1660.74,1661.92,1666.06,12161.35
1675515600000.00 ,1695.29,1666.06,1666.06,1684.23,55647.44
1675519200000.00 ,1684.66,1671.81,1684.23,1681.42,20746.98
1675522800000.00 ,1681.68,1675.45,1681.42,1679.97,9342.34
1675526400000.00 ,1685.46,1672.32,1679.97,1680.5,13619.57
1675530000000.00 ,1684.74,1676.67,1680.51,1681.36,11913.61
1675533600000.00 ,1682.92,1672.66,1681.36,1678.92,11143.76
1675537200000.00 ,1679.48,1674.57,1678.91,1675.93,5022.52
1675540800000.00 ,1684.01,1673.78,1675.92,1679,14360.89
1675544400000.00 ,1680.2,1674.62,1679,1680.05,6032.44
1675548000000.00 ,1689,1677.48,1680.06,1680,10438.59
1675551600000.00 ,1683.36,1658.53,1680,1666.38,23409.42
1675555200000.00 ,1671,1657.49,1666.39,1663.47,19117.05
1675558800000.00 ,1667.39,1660.55,1663.47,1665.48,8897.94
1675562400000.00 ,1668.78,1661,1665.48,1661.01,9242.5
1675566000000.00 ,1663.51,1656.68,1661.01,1660.7,16613.11
1675569600000.00 ,1666.13,1659.35,1660.69,1664.17,8899.83
1675573200000.00 ,1667.17,1663.66,1664.17,1666.96,6400.78
1675576800000.00 ,1671.2,1663.82,1666.97,1668.01,10035.29
1675580400000.00 ,1669.17,1665.2,1668.01,1668.14,5461.67
1675584000000.00 ,1673.81,1666,1668.15,1669.96,8217.78
1675587600000.00 ,1672.51,1665.18,1669.96,1665.75,9920.85
1675591200000.00 ,1670.44,1665.53,1665.74,1668.96,6624.15
1675594800000.00 ,1668.96,1660.86,1668.96,1662.6,10261.44
1675598400000.00 ,1664.58,1635.93,1662.6,1648.2,50781.58
1675602000000.00 ,1652.33,1640.69,1648.19,1648.25,30105.28
1675605600000.00 ,1655.34,1644.9,1648.24,1651.95,14649.51
1675609200000.00 ,1657.24,1640.55,1651.96,1644.18,23049.55
1675612800000.00 ,1647.45,1636.81,1644.18,1639.09,22444.47
1675616400000.00 ,1642,1615.46,1639.08,1618.14,62449.17
1675620000000.00 ,1624.52,1612.67,1618.13,1615.69,22264.63
1675623600000.00 ,1622.1,1609.3,1615.69,1619.48,17751.25
1675627200000.00 ,1623.18,1614.56,1619.48,1619.11,9620.65
1675630800000.00 ,1622.22,1611.8,1619.1,1622.2,10420.23
1675634400000.00 ,1639.6,1621.26,1622.2,1634.27,14150.49
1675638000000.00 ,1635.61,1627.12,1634.28,1629.02,16200.46
1675641600000.00 ,1642.53,1628.65,1629.01,1639.04,16061.22
1675645200000.00 ,1641.01,1630.81,1639.03,1631.21,8642.97
1675648800000.00 ,1633.91,1622.62,1631.21,1622.63,12105.49
1675652400000.00 ,1628.48,1617.85,1622.62,1626.6,12539.68
1675656000000.00 ,1629.6,1624.17,1626.6,1624.69,5810.7
1675659600000.00 ,1625.69,1608.53,1624.69,1621.55,26422.65
1675663200000.00 ,1627.86,1619.47,1621.56,1625.07,14053.76
1675666800000.00 ,1635.69,1623.93,1625.08,1635.41,12121.52
1675670400000.00 ,1637.89,1629.21,1635.41,1632.13,15286.77
1675674000000.00 ,1635.59,1627.71,1632.13,1630.07,11368.12
1675677600000.00 ,1633.9,1627.26,1630.07,1630.86,9815.14
1675681200000.00 ,1636.44,1622.45,1630.85,1634.81,18460.29
1675684800000.00 ,1638.43,1627.04,1634.81,1633.25,16194.59
1675688400000.00 ,1637.51,1627.43,1633.24,1628.64,10381.64
1675692000000.00 ,1634.38,1623.07,1628.63,1629.61,18951.46
1675695600000.00 ,1649.3,1619.86,1629.6,1649.01,34480.78
1675699200000.00 ,1658.56,1639.81,1649,1644.89,36631.39
1675702800000.00 ,1651.45,1641.79,1644.9,1647.48,11718.03
1675706400000.00 ,1650.52,1640.48,1647.49,1646.56,10378.45
1675710000000.00 ,1655,1641.7,1646.57,1648.29,11311.06
1675713600000.00 ,1649.34,1643.49,1648.3,1646.82,7492.36
1675717200000.00 ,1647.23,1635.41,1646.82,1638.33,7257.23
1675720800000.00 ,1638.77,1629.33,1638.32,1632.85,10666.23
1675724400000.00 ,1633.23,1605.01,1632.86,1614.29,45967.9
1675728000000.00 ,1621.74,1613.14,1614.28,1620.23,14019.19
1675731600000.00 ,1627.01,1619.89,1620.24,1625.94,9131.11
1675735200000.00 ,1630,1621.42,1625.94,1629.43,9117.95
1675738800000.00 ,1635.27,1626.88,1629.43,1633.47,16674.92
1675742400000.00 ,1637.77,1631.06,1633.46,1631.87,12604.3
1675746000000.00 ,1636.7,1631.69,1631.86,1635,9850.93
1675749600000.00 ,1638.06,1632.19,1635.01,1633.05,11835.3
1675753200000.00 ,1636.02,1631.14,1633.05,1632.29,8174.02
1675756800000.00 ,1633,1628.84,1632.3,1630.4,13567.73
1675760400000.00 ,1644,1630.4,1630.41,1641.78,21021.03
1675764000000.00 ,1647.87,1639.8,1641.79,1642.64,15678.17
1675767600000.00 ,1647.24,1640.7,1642.64,1640.71,12306.37
1675771200000.00 ,1644.92,1639.68,1640.71,1643.9,9972.28
1675774800000.00 ,1644.63,1633.91,1643.9,1639.09,13459.18
1675778400000.00 ,1641.33,1634.46,1639.09,1636.99,15991.52
1675782000000.00 ,1637.52,1626.63,1636.98,1630.59,16930.37
1675785600000.00 ,1643.76,1624.39,1630.58,1638.41,19022.48
1675789200000.00 ,1675,1629.02,1638.4,1671.74,56572.65
1675792800000.00 ,1678.37,1625.73,1671.74,1638.78,66584.93
1675796400000.00 ,1657.89,1638.05,1638.78,1656.35,25726.16
1675800000000.00 ,1668.65,1650.56,1656.34,1665.12,18985.98
1675803600000.00 ,1674.2,1664,1665.12,1667.52,23519.48
1675807200000.00 ,1671.99,1659.06,1667.52,1665.31,14862.82
1675810800000.00 ,1677.82,1665.31,1665.32,1671.03,16313.5
1675814400000.00 ,1690,1668.08,1671.03,1687.48,31510.47
1675818000000.00 ,1697.91,1681.17,1687.49,1682.06,31182.54
1675821600000.00 ,1683.94,1676.5,1682.07,1676.56,13952.27
1675825200000.00 ,1683.3,1675.3,1676.57,1680.97,10826.34
1675828800000.00 ,1682.94,1678.33,1680.97,1679.41,7391.01
1675832400000.00 ,1680.41,1672,1679.41,1675.82,11265.16
1675836000000.00 ,1677.83,1671.93,1675.82,1674.27,8396.64
1675839600000.00 ,1679.15,1672.49,1674.27,1677.67,9763.2
1675843200000.00 ,1677.91,1669.41,1677.67,1673.34,13169.36
1675846800000.00 ,1675.61,1669.87,1673.35,1673.17,11635.21
1675850400000.00 ,1673.4,1667.9,1673.18,1670.95,11650.49
1675854000000.00 ,1676.03,1670.18,1670.94,1673.9,9235.36
1675857600000.00 ,1677.15,1669.61,1673.9,1671.9,9974.82
1675861200000.00 ,1676.44,1668.3,1671.9,1674.64,18216.4
1675864800000.00 ,1681.98,1661.68,1674.64,1671.28,31971.22
1675868400000.00 ,1671.29,1649.51,1671.28,1653.08,40209.51
1675872000000.00 ,1654.85,1630.47,1653.08,1653.47,55209.79
1675875600000.00 ,1660,1647.37,1653.47,1657.29,19552
1675879200000.00 ,1659.99,1641.36,1657.28,1646.41,20536.37
1675882800000.00 ,1650.69,1642.75,1646.42,1647.69,11223.38
1675886400000.00 ,1649.02,1637.76,1647.69,1642.07,14409.58
1675890000000.00 ,1656.1,1640.27,1642.06,1652.65,8817.58
1675893600000.00 ,1655.51,1650.48,1652.65,1650.9,5482.56
1675897200000.00 ,1653.51,1642.37,1650.9,1650.43,12384.98
1675900800000.00 ,1655.41,1645.76,1650.42,1654.76,14247.9
1675904400000.00 ,1656.17,1649.7,1654.75,1651.6,10437.6
1675908000000.00 ,1652.07,1631.51,1651.59,1632.4,25352.33
1675911600000.00 ,1633.32,1608.8,1632.41,1619.05,91901.29
1675915200000.00 ,1627.31,1610.22,1619.05,1623.85,26313.33
1675918800000.00 ,1630.69,1622.29,1623.84,1628.39,20128.21
1675922400000.00 ,1636.65,1625.53,1628.4,1634.24,14436.87
1675926000000.00 ,1635.66,1629.66,1634.23,1629.87,9690.22
1675929600000.00 ,1637.33,1629.87,1629.88,1632.48,11438.9
1675933200000.00 ,1636.12,1630.55,1632.49,1634.97,9485.37
1675936800000.00 ,1635.13,1630.95,1634.97,1633.24,6874.16
1675940400000.00 ,1640.24,1630.03,1633.24,1633.15,9956.21
1675944000000.00 ,1643.44,1625.7,1633.16,1636.41,16252.33
1675947600000.00 ,1642.36,1634.05,1636.4,1640.15,13586.97
1675951200000.00 ,1649.24,1635.67,1640.16,1637.59,22902.74
1675954800000.00 ,1640.2,1628.1,1637.59,1632.08,16439.47
1675958400000.00 ,1633.67,1616.53,1632.07,1622.81,30108.7
1675962000000.00 ,1629.06,1616,1622.8,1623.56,20590.44
1675965600000.00 ,1630.97,1619.81,1623.57,1621.84,19636.93
1675969200000.00 ,1622.86,1560.47,1621.85,1579.81,90014
1675972800000.00 ,1582.45,1565.03,1579.8,1577.1,36564.78
1675976400000.00 ,1578.07,1524.4,1577.1,1540.55,78708.8
1675980000000.00 ,1550.26,1527.93,1540.56,1537.99,39492.81
1675983600000.00 ,1549.98,1537.08,1537.99,1545.35,23451.32
1675987200000.00 ,1555.01,1541.8,1545.35,1548.52,29861.63
1675990800000.00 ,1553.16,1544.04,1548.51,1549.84,23468
1675994400000.00 ,1550.75,1542,1549.85,1548.88,15522.97
1675998000000.00 ,1549.16,1542.07,1548.88,1543.22,13864.26
1676001600000.00 ,1544.85,1531.2,1543.23,1538.5,20716.31
1676005200000.00 ,1546.95,1529.36,1538.49,1541.57,25506.5
1676008800000.00 ,1549.15,1539.77,1541.58,1548.44,12201.8
1676012400000.00 ,1552.88,1543.47,1548.44,1551.7,12834.62
1676016000000.00 ,1554.46,1548.85,1551.7,1550.83,14028.92
1676019600000.00 ,1552.53,1545.36,1550.83,1545.77,7868.29
1676023200000.00 ,1547.31,1541.84,1545.76,1546.15,9717.27
1676026800000.00 ,1546.15,1534.04,1546.15,1537.03,20080.77
1676030400000.00 ,1542.54,1532.02,1537.04,1534.13,19484.03
1676034000000.00 ,1542.52,1533.98,1534.12,1537.61,14955.87
1676037600000.00 ,1548.01,1535.17,1537.61,1543.49,16981.58
1676041200000.00 ,1547.78,1506,1543.48,1522.36,44229.77
1676044800000.00 ,1534,1514.62,1522.35,1519.78,31543.53
1676048400000.00 ,1526.3,1515.15,1519.77,1526.3,17171.99
1676052000000.00 ,1528.41,1522.73,1526.3,1527.33,14218.92
1676055600000.00 ,1539.19,1523.33,1527.34,1534.28,32108.88
1676059200000.00 ,1535.39,1528.13,1534.29,1529.59,7533.11
1676062800000.00 ,1529.8,1490,1529.6,1505.53,48056.61
1676066400000.00 ,1516.74,1503.84,1505.54,1508.51,19718.55
1676070000000.00 ,1518.7,1504.46,1508.51,1513.06,12980.02
1676073600000.00 ,1517.87,1507.53,1513.05,1515.83,23281.17
1676077200000.00 ,1518.38,1509.52,1515.83,1512.48,10412.06
1676080800000.00 ,1516.99,1511.96,1512.47,1516.74,6924.97
1676084400000.00 ,1523.58,1516.28,1516.74,1520.38,8484.64
1676088000000.00 ,1521.13,1518.17,1520.38,1520,4491.84
1676091600000.00 ,1521.4,1516.23,1520.01,1517.68,6933.3
1676095200000.00 ,1519.26,1514.96,1517.67,1518.71,6215.44
1676098800000.00 ,1523.29,1516,1518.7,1520.81,6738.28
1676102400000.00 ,1526.8,1518.97,1520.8,1522.79,28786.51
1676106000000.00 ,1524.78,1521,1522.78,1522.36,6685.54
1676109600000.00 ,1523.01,1515,1522.37,1518.82,29908.18
1676113200000.00 ,1520.52,1516.87,1518.83,1520.16,4748.59
1676116800000.00 ,1525.19,1515,1520.16,1519.55,12966.11
1676120400000.00 ,1523.55,1517.91,1519.54,1523.15,10732.12
1676124000000.00 ,1526.71,1519.16,1523.15,1525.51,12230.84
1676127600000.00 ,1526.52,1520.38,1525.5,1522.83,11425.56
1676131200000.00 ,1522.99,1516.53,1522.83,1517.9,10581.24
1676134800000.00 ,1518.32,1515,1517.91,1518.18,7848.99
1676138400000.00 ,1521.39,1505,1518.17,1514.77,19828.75
1676142000000.00 ,1519.23,1514.2,1514.76,1518.58,6296.43
1676145600000.00 ,1523.5,1516.65,1518.58,1520.43,9094.32
1676149200000.00 ,1537.02,1518.83,1520.43,1534.41,18760.9
1676152800000.00 ,1542.64,1530.66,1534.41,1536.28,14071.54
1676156400000.00 ,1543,1535.25,1536.27,1538.51,12244.25
1676160000000.00 ,1539.27,1533.15,1538.5,1533.88,11284.89
1676163600000.00 ,1535.71,1532.08,1533.88,1533.61,6493.6
1676167200000.00 ,1536.08,1530.05,1533.6,1535.23,5677.61
1676170800000.00 ,1535.38,1531.13,1535.23,1531.15,5513.04
1676174400000.00 ,1531.97,1528.97,1531.15,1531.8,5944.94
1676178000000.00 ,1533.91,1531.12,1531.8,1533.71,4290.78
1676181600000.00 ,1534.56,1531.5,1533.72,1533.2,4702.71
1676185200000.00 ,1533.2,1530.05,1533.2,1530.83,4824.24
1676188800000.00 ,1535.45,1530.83,1530.84,1531.47,4755.32
1676192400000.00 ,1540.06,1531,1531.48,1536.94,11570.35
1676196000000.00 ,1538.93,1531.84,1536.94,1535.81,7837.45
1676199600000.00 ,1536.32,1532.7,1535.8,1533.48,6122.43
1676203200000.00 ,1535.31,1521.12,1533.47,1525.58,18420.95
1676206800000.00 ,1528.55,1521.43,1525.57,1526.26,11720.58
1676210400000.00 ,1537.67,1524.67,1526.27,1532.63,12458.62
1676214000000.00 ,1541,1530,1532.64,1536.09,14457.62
1676217600000.00 ,1548.02,1534.23,1536.09,1543.06,25979.79
1676221200000.00 ,1546.37,1539.77,1543.05,1540.98,13857.53
1676224800000.00 ,1542.49,1538.04,1540.97,1539.55,8212.03
1676228400000.00 ,1542.03,1535.89,1539.56,1539.23,6511
1676232000000.00 ,1541.96,1536.67,1539.23,1538.06,4905.32
1676235600000.00 ,1538.44,1508.33,1538.06,1511.23,32827.5
1676239200000.00 ,1515.1,1493.08,1511.22,1513.36,43552.65
1676242800000.00 ,1517.42,1509.1,1513.35,1514.83,14837.43
1676246400000.00 ,1524.62,1506.02,1514.82,1518.29,23889.89
1676250000000.00 ,1520,1501.59,1518.28,1507.03,26181.2
1676253600000.00 ,1512.71,1496.67,1507.04,1512.14,25027.39
1676257200000.00 ,1518,1511.17,1512.15,1516.81,8694.42
1676260800000.00 ,1522.71,1516.02,1516.82,1518.51,13065.83
1676264400000.00 ,1520.95,1517.14,1518.5,1518.66,6146.16
1676268000000.00 ,1520.06,1517.06,1518.67,1519.41,6574.13
1676271600000.00 ,1526.1,1517.42,1519.41,1522.39,21759.97
1676275200000.00 ,1522.83,1504.18,1522.39,1506.19,37517.84
1676278800000.00 ,1510.2,1472.03,1506.18,1482.36,114337.65
1676282400000.00 ,1487.97,1466,1482.36,1482.54,57956.01
1676286000000.00 ,1489.01,1481.4,1482.54,1486.07,24881.17
1676289600000.00 ,1491.89,1484.06,1486.07,1487.32,19492.91
1676293200000.00 ,1488.8,1477.66,1487.31,1477.98,28307.8
1676296800000.00 ,1489.01,1477.69,1477.99,1488.77,28081.36
1676300400000.00 ,1489.78,1475.4,1488.76,1475.71,23607.65
1676304000000.00 ,1487.88,1461.93,1475.71,1475.61,44987.31
1676307600000.00 ,1480.13,1462.22,1475.61,1472.62,25148.55
1676311200000.00 ,1493.91,1471.85,1472.61,1488.96,28848.3
1676314800000.00 ,1492.54,1484.66,1488.96,1490.78,13501.32
1676318400000.00 ,1492.46,1486.12,1490.78,1489.01,12519.71
1676322000000.00 ,1490.06,1482.18,1489,1485.26,11782.77
1676325600000.00 ,1495,1484.32,1485.26,1491.6,11149.78
1676329200000.00 ,1510.43,1490.75,1491.6,1505.24,29693.28
1676332800000.00 ,1508.72,1500.02,1505.25,1500.92,12285.58
1676336400000.00 ,1502.9,1494.09,1500.92,1499.18,13845.07
1676340000000.00 ,1504.69,1497.75,1499.18,1498.25,14317.4
1676343600000.00 ,1503.15,1497.51,1498.26,1498.23,9271.68
1676347200000.00 ,1502.2,1496.81,1498.24,1498.48,9451.12
1676350800000.00 ,1501.99,1498.43,1498.47,1501.51,6951.45
1676354400000.00 ,1505.46,1500.34,1501.52,1503.64,13587.83
1676358000000.00 ,1507.62,1502.71,1503.65,1506,10876.26
1676361600000.00 ,1506.33,1497.19,1506.01,1498.42,14172.17
1676365200000.00 ,1519.82,1497.09,1498.42,1511.92,21293.19
1676368800000.00 ,1514.76,1507.71,1511.91,1509.13,14782.19
1676372400000.00 ,1510.29,1504.6,1509.12,1507.7,9483.37
1676376000000.00 ,1514.73,1507.17,1507.7,1511.22,12411.47
1676379600000.00 ,1526.99,1482.66,1511.22,1514.48,141126.16
1676383200000.00 ,1563.99,1495.61,1514.48,1554.76,110089.95
1676386800000.00 ,1569,1532.82,1554.76,1544.83,85620.71
1676390400000.00 ,1554.29,1534.02,1544.84,1539.7,42232.24
1676394000000.00 ,1547.48,1539.36,1539.71,1545.84,17099.46
1676397600000.00 ,1553.73,1545.4,1545.84,1550.7,24948.79
1676401200000.00 ,1564.69,1546.55,1550.69,1560.31,27973.65
1676404800000.00 ,1564.07,1554.54,1560.31,1556.89,19649.12
1676408400000.00 ,1557.59,1549.3,1556.89,1555.48,15663.14
1676412000000.00 ,1558.41,1551.06,1555.48,1554.54,10562.9
1676415600000.00 ,1561.91,1552.18,1554.53,1555.71,11269.49
1676419200000.00 ,1557.43,1547.56,1555.7,1549.9,13392.15
1676422800000.00 ,1551.98,1547.36,1549.89,1549.17,9279.68
1676426400000.00 ,1550.56,1542.55,1549.17,1544.57,10068.55
1676430000000.00 ,1552.22,1543.42,1544.58,1549.22,12733.22
1676433600000.00 ,1550.98,1546.34,1549.22,1547.11,7411.02
1676437200000.00 ,1552.06,1547.11,1547.12,1550.28,8507.49
1676440800000.00 ,1552.09,1547.28,1550.29,1549.72,8221.9
1676444400000.00 ,1551.58,1544.65,1549.72,1547.56,9136.45
1676448000000.00 ,1549.16,1544.5,1547.56,1546.24,8894.32
1676451600000.00 ,1552,1546.23,1546.23,1550.98,10795.55
1676455200000.00 ,1560.31,1549.33,1550.98,1555.89,14387.09
1676458800000.00 ,1580,1553.89,1555.88,1572.26,38778.79
1676462400000.00 ,1593.67,1572.26,1572.26,1585.11,69138.28
1676466000000.00 ,1585.46,1573.26,1585.11,1577.75,33606.33
1676469600000.00 ,1580.82,1566.86,1577.76,1572.15,34733.32
1676473200000.00 ,1582.97,1570.76,1572.14,1579.5,27696.91
1676476800000.00 ,1589.8,1576.07,1579.5,1576.08,29385.87
1676480400000.00 ,1583.3,1573.47,1576.08,1581.05,11066.29
1676484000000.00 ,1596.26,1577.5,1581.04,1591.4,19847.19
1676487600000.00 ,1629.32,1588.42,1591.4,1628.54,58281.36
1676491200000.00 ,1680,1624.25,1628.54,1665.83,71608
1676494800000.00 ,1675.75,1660.83,1665.83,1665.8,26800.97
1676498400000.00 ,1675,1662.93,1665.8,1665.78,23836.49
1676502000000.00 ,1678,1664.92,1665.78,1674.92,23600.64
1676505600000.00 ,1712.24,1672.53,1674.92,1685.72,71884.94
1676509200000.00 ,1694.68,1685,1685.72,1693.71,22009.11
1676512800000.00 ,1700,1692.28,1693.72,1692.71,28427.63
1676516400000.00 ,1694.49,1690.81,1692.7,1691.42,21043.45
1676520000000.00 ,1695.99,1686.59,1691.41,1694.21,22985.42
1676523600000.00 ,1697.51,1692.65,1694.23,1693.26,19743.95
1676527200000.00 ,1696.84,1683.04,1693.26,1684.98,22455.43
1676530800000.00 ,1688.59,1675,1684.98,1681.89,32856.68
1676534400000.00 ,1686.13,1678.25,1681.9,1682.25,18643.42
1676538000000.00 ,1689.27,1680.06,1682.24,1687.94,18269.17
1676541600000.00 ,1692.62,1684.63,1687.94,1687.04,18486.45
1676545200000.00 ,1687.2,1680,1687.05,1682.82,15922.64
1676548800000.00 ,1690,1680,1682.82,1687.3,15795.06
1676552400000.00 ,1695.68,1668.02,1687.29,1675.49,44675.59
1676556000000.00 ,1682.5,1665.24,1675.49,1678.87,35063.3
1676559600000.00 ,1728.69,1675.66,1678.87,1724.14,86203.12
1676563200000.00 ,1742.97,1686.76,1724.14,1716.68,102917.27
1676566800000.00 ,1721.57,1706.57,1716.68,1715.69,30666.93
1676570400000.00 ,1721.9,1712.19,1715.69,1716.69,22592.78
1676574000000.00 ,1718.19,1706.83,1716.68,1710.85,15820.93
1676577600000.00 ,1711.11,1680,1710.85,1685,48306.91
1676581200000.00 ,1685,1667.54,1684.99,1683.09,29334.82
1676584800000.00 ,1684.89,1641.4,1683.09,1646.09,43934.44
1676588400000.00 ,1657.06,1633.72,1646.09,1637.84,44684.26
1676592000000.00 ,1656.1,1630.51,1637.83,1653.23,36275.48
1676595600000.00 ,1664.54,1650.57,1653.22,1663.54,23275.08
1676599200000.00 ,1664.51,1657,1663.53,1658.02,15597.17
1676602800000.00 ,1670.05,1656.71,1658.02,1663.77,19070.09
1676606400000.00 ,1665.46,1653.96,1663.77,1659.14,25223.53
1676610000000.00 ,1659.45,1653.61,1659.13,1655.79,13637.37
1676613600000.00 ,1659.28,1653.61,1655.79,1657,10586.31
1676617200000.00 ,1665.17,1651.67,1657,1653.45,15826.2
1676620800000.00 ,1664.31,1648.4,1653.46,1664.19,22189.39
1676624400000.00 ,1674.75,1660.54,1664.19,1663.46,17824.57
1676628000000.00 ,1667.02,1660.69,1663.47,1664.61,14621.16
1676631600000.00 ,1669.63,1663.91,1664.62,1666.2,12209.37
1676635200000.00 ,1668.61,1664.25,1666.2,1665.24,13214.64
1676638800000.00 ,1666,1657.46,1665.24,1660.89,16674.29
1676642400000.00 ,1683.55,1646.09,1660.89,1659.09,58965.29
1676646000000.00 ,1682.03,1658.12,1659.08,1673.11,38876.37
1676649600000.00 ,1684.94,1662.27,1673.11,1672.92,32535.13
1676653200000.00 ,1708.8,1672.56,1672.92,1687.58,53253.1
1676656800000.00 ,1697.59,1685.47,1687.57,1695.57,19709.7
1676660400000.00 ,1709.25,1685.87,1695.57,1706.03,20309.71
1676664000000.00 ,1722,1702.79,1706.04,1710.87,36305.29
1676667600000.00 ,1712.67,1690.78,1710.86,1693.26,16953.6
1676671200000.00 ,1703.8,1669.72,1693.26,1698.73,33379.02
1676674800000.00 ,1702.78,1692.47,1698.73,1693.87,13422.8
1676678400000.00 ,1703.44,1692.14,1693.81,1694.88,23168.66
1676682000000.00 ,1704.46,1692.79,1694.89,1702.51,15479.58
1676685600000.00 ,1703.91,1694.81,1702.5,1695.53,10932.43
1676689200000.00 ,1699.85,1694.58,1695.53,1699.46,8084.92
1676692800000.00 ,1703.99,1699.38,1699.45,1699.6,8554.51
1676696400000.00 ,1700.2,1696.02,1699.6,1698.44,7392.92
1676700000000.00 ,1699.47,1695,1698.45,1696.14,10703.31
1676703600000.00 ,1696.14,1686.11,1696.13,1690.72,18577.47
1676707200000.00 ,1694.51,1687.77,1690.71,1693.74,8511.11
1676710800000.00 ,1695.58,1692.44,1693.75,1693.59,5834.77
1676714400000.00 ,1694.28,1685.69,1693.59,1687.15,10182.87
1676718000000.00 ,1693.31,1686.43,1687.15,1691.47,8840.69
1676721600000.00 ,1699.49,1686.64,1691.47,1698.34,12774.38
1676725200000.00 ,1699.43,1693.03,1698.35,1694.44,9517.62
1676728800000.00 ,1698.76,1690.61,1694.44,1696.24,11973.15
1676732400000.00 ,1699,1692.41,1696.25,1695.5,9606.58
1676736000000.00 ,1696.23,1691.57,1695.5,1693.26,11720.93
1676739600000.00 ,1695.69,1688.8,1693.25,1694.99,10746.57
1676743200000.00 ,1713.13,1687.52,1695,1693.58,26974.45
1676746800000.00 ,1695,1682.8,1693.58,1687.85,11286.96
1676750400000.00 ,1688.27,1679.77,1687.85,1682.58,10568.09
1676754000000.00 ,1687.59,1681.81,1682.59,1687.43,4782.44
1676757600000.00 ,1691.8,1686.26,1687.42,1689.97,5572.33
1676761200000.00 ,1693.71,1688.2,1689.97,1691.62,5519.04
1676764800000.00 ,1700.62,1689.76,1691.62,1698.71,10021.42
1676768400000.00 ,1700,1689.5,1698.7,1693.53,10670.56
1676772000000.00 ,1698.06,1693.07,1693.52,1694.3,8451.38
1676775600000.00 ,1698.2,1693.57,1694.3,1695.42,7154.14
1676779200000.00 ,1699.56,1694,1695.42,1697.72,5848.33
1676782800000.00 ,1709.63,1696,1697.71,1701.98,20756.9
1676786400000.00 ,1702.12,1693.48,1701.97,1695.46,22101.38
1676790000000.00 ,1698.15,1692.19,1695.46,1693.15,13596.76
1676793600000.00 ,1696.11,1691.89,1693.15,1692.82,8422.03
1676797200000.00 ,1695.07,1692.12,1692.83,1693.15,5743.81
1676800800000.00 ,1699,1690.8,1693.15,1695.68,8594.38
1676804400000.00 ,1700.85,1695.16,1695.68,1695.36,8824.1
1676808000000.00 ,1698.05,1694.51,1695.36,1696.99,6951.14
1676811600000.00 ,1697.84,1694.42,1696.99,1695.2,12055.94
1676815200000.00 ,1707.64,1695.19,1695.19,1704.44,18897.07
1676818800000.00 ,1723.85,1697.33,1704.44,1711.3,47561.32
1676822400000.00 ,1726.59,1690,1711.3,1698.82,48125.09
1676826000000.00 ,1702.5,1675.96,1698.81,1682.56,42096.1
1676829600000.00 ,1688.1,1678.24,1682.56,1685.62,14802.56
1676833200000.00 ,1690.13,1683.49,1685.63,1684.8,11298.93
1676836800000.00 ,1687.81,1666.14,1684.8,1686.97,28031.41
1676840400000.00 ,1687.14,1682.07,1686.98,1685.97,12684.47
1676844000000.00 ,1688.85,1681.75,1685.97,1685.55,7566.94
1676847600000.00 ,1687.8,1676.57,1685.54,1679.75,20766.88
1676851200000.00 ,1686.44,1673.73,1679.74,1676.96,17364.45
1676854800000.00 ,1678.31,1650.56,1676.96,1670.13,49464.55
1676858400000.00 ,1681.11,1666.72,1670.12,1679.2,17763.89
1676862000000.00 ,1687.02,1676.8,1679.2,1684.38,13425.66
1676865600000.00 ,1694.32,1683.64,1684.39,1689.44,13745.56
1676869200000.00 ,1690.72,1685.53,1689.44,1689.86,10267.62
1676872800000.00 ,1696.14,1688,1689.86,1694.09,15652.39
1676876400000.00 ,1698.34,1692.22,1694.09,1695.79,15002.95
1676880000000.00 ,1699.54,1689.24,1695.79,1691.97,16348.31
1676883600000.00 ,1717.71,1688.5,1691.96,1711.73,33666.4
1676887200000.00 ,1718.1,1706.37,1711.73,1711.23,24858.01
1676890800000.00 ,1719.89,1707.34,1711.23,1713.77,24577.69
1676894400000.00 ,1716.53,1700.01,1713.78,1706.99,22584.4
1676898000000.00 ,1711.58,1703.31,1706.99,1705.82,13563.11
1676901600000.00 ,1715.17,1696.97,1705.83,1711.98,30067.37
1676905200000.00 ,1715.71,1704.36,1711.99,1707.23,17630.99
1676908800000.00 ,1708.17,1684.32,1707.24,1700.6,31490.45
1676912400000.00 ,1702.66,1694.51,1700.61,1696.37,13287.91
1676916000000.00 ,1699.93,1690.62,1696.37,1697.4,13690.3
1676919600000.00 ,1711.22,1697.03,1697.4,1709.76,19544.65
1676923200000.00 ,1711.99,1701.21,1709.77,1703.77,10969.55
1676926800000.00 ,1707.25,1700.58,1703.76,1701.09,8231.81
1676930400000.00 ,1703.48,1692.02,1701.09,1692.92,10356.53
1676934000000.00 ,1703.66,1691.77,1692.93,1703.27,7760.28
1676937600000.00 ,1711.06,1698.06,1703.27,1705.12,17585.47
1676941200000.00 ,1708.62,1700,1705.12,1705.2,12163.31
1676944800000.00 ,1716.66,1704.6,1705.2,1708.08,22835.39
1676948400000.00 ,1709.49,1699.33,1708.08,1703.03,19824.31
1676952000000.00 ,1703.24,1695.1,1703.04,1696.55,16986.06
1676955600000.00 ,1699.86,1695.01,1696.55,1698.19,7682.47
1676959200000.00 ,1709.78,1696.7,1698.2,1707.56,13358.22
1676962800000.00 ,1707.76,1700.46,1707.56,1704.05,13283.01
1676966400000.00 ,1715,1672,1704.05,1675.68,69895.8
1676970000000.00 ,1686.98,1670.39,1675.69,1684.26,30312.79
1676973600000.00 ,1685.35,1676.92,1684.26,1680.48,16437.92
1676977200000.00 ,1683.74,1666.17,1680.48,1669.5,22708.02
1676980800000.00 ,1679.48,1665.73,1669.51,1677.16,18340.35
1676984400000.00 ,1678.47,1662.36,1677.16,1670.2,20448.77
1676988000000.00 ,1684.97,1668.65,1670.21,1674.63,28265.59
1676991600000.00 ,1677.65,1658.74,1674.63,1671.97,32799.39
1676995200000.00 ,1674.25,1655.46,1671.97,1662.04,23943.53
1676998800000.00 ,1677.68,1661.56,1662.04,1677.49,16734.49
1677002400000.00 ,1686.69,1672.78,1677.5,1679.49,18866.4
1677006000000.00 ,1680.01,1665.5,1679.49,1672,12595.78
1677009600000.00 ,1674.32,1663.34,1672,1669.24,14600.38
1677013200000.00 ,1670.83,1636.3,1669.25,1642.22,46622.37
1677016800000.00 ,1655.14,1638.08,1642.21,1653.14,13858.8
1677020400000.00 ,1660.69,1648.7,1653.15,1659.76,10205.86
1677024000000.00 ,1666.95,1651.93,1659.77,1660.57,18601.83
1677027600000.00 ,1661.75,1634.5,1660.57,1645.06,27211.55
1677031200000.00 ,1645.77,1621.59,1645.07,1644.85,44148.58
1677034800000.00 ,1651.6,1642.55,1644.85,1649.25,12081.39
1677038400000.00 ,1649.97,1637.97,1649.26,1644.45,13942.37
1677042000000.00 ,1644.96,1636.14,1644.46,1642.48,13297.95
1677045600000.00 ,1644.15,1631.31,1642.47,1632.94,15305.02
1677049200000.00 ,1644.75,1632.06,1632.94,1643.86,12301.68
1677052800000.00 ,1644.13,1625.01,1643.85,1630.86,24144.37
1677056400000.00 ,1642.51,1629.9,1630.86,1639.69,17098.1
1677060000000.00 ,1645.86,1638.6,1639.68,1643.35,10831.69
1677063600000.00 ,1646.11,1636.47,1643.34,1644.49,12843.88
1677067200000.00 ,1650.62,1642.09,1644.5,1644.96,14272.03
1677070800000.00 ,1648.98,1639.66,1644.95,1647.27,13674.4
1677074400000.00 ,1648,1626.7,1647.27,1627.78,31957.01
1677078000000.00 ,1629.99,1604.5,1627.79,1613.73,63444.81
1677081600000.00 ,1617.13,1595.07,1613.72,1605.81,38191.82
1677085200000.00 ,1613.22,1604.02,1605.81,1610.97,25290.05
1677088800000.00 ,1617.13,1608.92,1610.98,1611.47,18174.73
1677092400000.00 ,1630,1606.3,1611.46,1616.1,45906.2
1677096000000.00 ,1621.51,1610.16,1616.1,1617.68,14424.34
1677099600000.00 ,1620.61,1613.01,1617.67,1619.32,7936.49
1677103200000.00 ,1634.63,1618.06,1619.32,1634.57,14220.36
1677106800000.00 ,1645,1632.75,1634.57,1643.14,19574.84
1677110400000.00 ,1647.09,1637.19,1643.15,1638.18,15142.93
1677114000000.00 ,1647.1,1637.29,1638.18,1642.12,11712.41
1677117600000.00 ,1675.06,1642.11,1642.11,1671.99,44778.31
1677121200000.00 ,1679,1666.28,1672,1667.44,23834.48
1677124800000.00 ,1671.87,1666.54,1667.44,1671.5,10404.8
1677128400000.00 ,1671.59,1661.82,1671.49,1664.83,14577.77
1677132000000.00 ,1666.67,1659.35,1664.83,1665.51,10972.07
1677135600000.00 ,1670,1663.91,1665.51,1666.7,13547.3
1677139200000.00 ,1673.21,1665.15,1666.7,1667.97,12052.62
1677142800000.00 ,1672.11,1663.55,1667.97,1664.2,12453.29
1677146400000.00 ,1666.7,1660.81,1664.21,1665.74,14142.96
1677150000000.00 ,1667.74,1631.11,1665.75,1637.48,53274.49
1677153600000.00 ,1651.41,1628.75,1637.49,1647.8,28799.38
1677157200000.00 ,1671.31,1643.78,1647.8,1656.01,41197.24
1677160800000.00 ,1670.41,1652.39,1656,1660.51,35905.01
1677164400000.00 ,1662.32,1646.02,1660.51,1656,28029.77
1677168000000.00 ,1659.9,1646.92,1655.99,1647.27,23471.02
1677171600000.00 ,1661.7,1635,1647.27,1646.8,30896.89
1677175200000.00 ,1649.86,1636.99,1646.8,1645.57,21799.34
1677178800000.00 ,1657.49,1643.41,1645.56,1653.13,15851.17
1677182400000.00 ,1658.76,1650,1653.14,1652.33,11323.63
1677186000000.00 ,1656.51,1644.24,1652.33,1644.64,9228.93
1677189600000.00 ,1648.05,1638.85,1644.65,1647.09,10266.99
1677193200000.00 ,1651.6,1645.1,1647.09,1650.53,7643.15
1677196800000.00 ,1657.39,1646.22,1650.52,1651.5,13641.47
1677200400000.00 ,1664.66,1651.49,1651.49,1653.24,18798.94
1677204000000.00 ,1655.5,1646.34,1653.25,1648.48,13473.95
1677207600000.00 ,1651.88,1646.04,1648.49,1649.14,8491.86
1677211200000.00 ,1651.47,1646.82,1649.15,1647.04,7366.98
1677214800000.00 ,1647.55,1642.25,1647.04,1645.12,10457.66
1677218400000.00 ,1652.58,1641.08,1645.12,1651.26,13041.46
1677222000000.00 ,1656.57,1645.04,1651.27,1651.7,18663.17
1677225600000.00 ,1657.65,1646.09,1651.69,1653.85,17890.65
1677229200000.00 ,1655.88,1646.55,1653.85,1647.62,12865.46
1677232800000.00 ,1650.28,1642.6,1647.62,1648.98,9927.55
1677236400000.00 ,1651.26,1644.18,1648.99,1647.43,10893.08
1677240000000.00 ,1654.76,1644.23,1647.43,1645.11,15149.47
1677243600000.00 ,1648.09,1632,1645.11,1635.24,34739.03
1677247200000.00 ,1640.98,1629.57,1635.23,1636.6,21405.24
1677250800000.00 ,1638.76,1599.43,1636.59,1602.94,64735.83
1677254400000.00 ,1602.94,1575.64,1602.94,1593.33,81694.05
1677258000000.00 ,1597.51,1588.67,1593.33,1593.42,24096.76
1677261600000.00 ,1599.42,1588.86,1593.41,1596.16,14495.81
1677265200000.00 ,1611.66,1585.57,1596.15,1610.84,28891.22
1677268800000.00 ,1622.87,1607.08,1610.83,1611.36,30075.88
1677272400000.00 ,1611.83,1600.66,1611.36,1602.55,12492.71
1677276000000.00 ,1609.39,1594,1602.55,1604.88,16045.93
1677279600000.00 ,1611.37,1599.42,1604.88,1607.8,13181.32
1677283200000.00 ,1608.98,1602.5,1607.8,1605.02,10756.12
1677286800000.00 ,1608.42,1603.4,1605.02,1605.57,5973.48
1677290400000.00 ,1607.78,1595.15,1605.57,1598.3,14487.87
1677294000000.00 ,1602.58,1597.71,1598.3,1598.52,8294.71
1677297600000.00 ,1602.07,1597.01,1598.53,1601.67,7390.18
1677301200000.00 ,1601.68,1593.95,1601.67,1595.78,14764.09
1677304800000.00 ,1601.11,1595.78,1595.78,1600.75,6107.88
1677308400000.00 ,1604.37,1599.73,1600.74,1603.99,7451.39
1677312000000.00 ,1607.56,1602.93,1603.99,1603.56,12977.29
1677315600000.00 ,1605.31,1599.41,1603.57,1601.89,14128.79
1677319200000.00 ,1602.32,1596,1601.88,1596.48,10492.07
1677322800000.00 ,1602.52,1596.07,1596.49,1600.05,10509.42
1677326400000.00 ,1602.87,1592.46,1600.05,1602.64,16328.83
1677330000000.00 ,1603.84,1599.02,1602.65,1599.03,9264.74
1677333600000.00 ,1601.67,1596.26,1599.03,1597.31,8276.17
1677337200000.00 ,1600,1594.28,1597.32,1597.06,9705.31
1677340800000.00 ,1600.92,1595.23,1597.06,1596.46,8427.63
1677344400000.00 ,1598.83,1595.62,1596.46,1598.05,6540.46
1677348000000.00 ,1598.5,1583.6,1598.05,1586.28,17809.44
1677351600000.00 ,1590.58,1576.02,1586.28,1584.61,18629.75
1677355200000.00 ,1586.88,1557.33,1584.62,1572.2,34312.23
1677358800000.00 ,1575.73,1564.61,1572.19,1574.58,13924.01
1677362400000.00 ,1593.24,1571.68,1574.58,1591.71,13457.71
1677366000000.00 ,1597.32,1589.35,1591.72,1594.58,10178.47
1677369600000.00 ,1594.77,1590.31,1594.58,1591,7223.79
1677373200000.00 ,1594.06,1590.03,1590.99,1592.01,7355.13
1677376800000.00 ,1604.43,1587.76,1592.01,1603.82,16002.99
1677380400000.00 ,1606.21,1600.21,1603.82,1602.75,11888.8
1677384000000.00 ,1603.31,1598.89,1602.75,1600.99,7060.05
1677387600000.00 ,1602.18,1598.74,1600.99,1598.74,5035.64
1677391200000.00 ,1600.12,1595.61,1598.74,1600.11,6939.22
1677394800000.00 ,1603.24,1599.32,1600.11,1599.84,6489.12
1677398400000.00 ,1601.06,1597.19,1599.85,1600.31,5125.59
1677402000000.00 ,1607,1600.15,1600.31,1604.84,13090.62
1677405600000.00 ,1605.01,1601.34,1604.84,1602.35,6962.8
1677409200000.00 ,1604.57,1600.79,1602.35,1603.9,5187.97
1677412800000.00 ,1604.62,1596.23,1603.9,1597.2,10128.78
1677416400000.00 ,1601.8,1595.02,1597.19,1601.55,5845.77
1677420000000.00 ,1614.96,1601.45,1601.55,1602.89,23273.89
1677423600000.00 ,1605.92,1601.75,1602.88,1605.09,8057.88
1677427200000.00 ,1606.98,1601.06,1605.09,1601.92,7792.82
1677430800000.00 ,1607.99,1598.54,1601.92,1607.99,9608.79
1677434400000.00 ,1633.25,1606.87,1607.98,1630,30469.06
1677438000000.00 ,1636,1623.66,1629.99,1633.11,20287.75
1677441600000.00 ,1651.26,1630.91,1633.12,1641.76,25806.22
1677445200000.00 ,1649,1638.37,1641.75,1642.47,16334.11
1677448800000.00 ,1643.11,1622.17,1642.47,1633.54,20298.83
1677452400000.00 ,1644,1632.96,1633.55,1641.36,32342.37
1677456000000.00 ,1641.75,1635.47,1641.37,1637.47,12090.34
1677459600000.00 ,1643.89,1632.06,1637.48,1643.36,11630.36
1677463200000.00 ,1650.91,1639.28,1643.35,1640.81,16265.89
1677466800000.00 ,1646.1,1639.37,1640.8,1640.67,13787.33
1677470400000.00 ,1641.08,1635,1640.68,1635.5,11479.79
1677474000000.00 ,1638.8,1631.15,1635.49,1633.87,12334.92
1677477600000.00 ,1637.62,1632.48,1633.88,1635.74,7709.91
1677481200000.00 ,1639.64,1635.7,1635.74,1636.33,10569.59
1677484800000.00 ,1639.88,1632.13,1636.32,1634.21,12538.74
1677488400000.00 ,1641.97,1633.29,1634.21,1637.56,12230.7
1677492000000.00 ,1639.62,1633.76,1637.56,1636.74,7922.76
1677495600000.00 ,1643.57,1636.54,1636.73,1641.23,12021.59
1677499200000.00 ,1642.93,1638.07,1641.24,1639.59,11483.2
1677502800000.00 ,1665.22,1639.58,1639.59,1660.16,43932.34
1677506400000.00 ,1663.52,1654.07,1660.15,1658.61,35013.39
1677510000000.00 ,1663.59,1635.89,1658.62,1644.26,37867.6
1677513600000.00 ,1646.65,1623.67,1644.27,1637.49,38998.08
1677517200000.00 ,1638.78,1628.46,1637.5,1632.78,15931.55
1677520800000.00 ,1635.17,1615.16,1632.79,1624.48,29062.72
1677524400000.00 ,1627.11,1616.5,1624.47,1622.12,19814.24
1677528000000.00 ,1623.47,1608,1622.12,1622.66,24150.56
1677531600000.00 ,1628.17,1622.11,1622.66,1627.2,14932.82
1677535200000.00 ,1636,1624.17,1627.2,1631.09,11389.53
1677538800000.00 ,1636.44,1630.65,1631.08,1633.45,8703.47
1677542400000.00 ,1636.23,1626.95,1633.45,1628.44,18796.45
1677546000000.00 ,1633.54,1626.79,1628.45,1632.1,9706.54
1677549600000.00 ,1633.48,1628.08,1632.1,1630.53,9127.6
1677553200000.00 ,1635.54,1629.77,1630.54,1632.89,7730.46
1677556800000.00 ,1632.96,1622.86,1632.89,1627.47,8832.9
1677560400000.00 ,1629.93,1626.04,1627.47,1626.69,8290.31
1677564000000.00 ,1630,1625.87,1626.68,1628.62,5856.36
1677567600000.00 ,1629.2,1617.87,1628.61,1619.24,18239.71
1677571200000.00 ,1624.28,1616.34,1619.23,1621.01,14283.02
1677574800000.00 ,1625,1617.77,1621,1620.65,9002.46
1677578400000.00 ,1627.55,1620.01,1620.65,1626.05,9472.35
1677582000000.00 ,1631.87,1625.61,1626.05,1629.53,13537.46
1677585600000.00 ,1639.3,1629.52,1629.52,1636.46,15591.19
1677589200000.00 ,1642.55,1631,1636.46,1632.88,18343.52
1677592800000.00 ,1647.52,1628.81,1632.88,1634.91,29345.84
1677596400000.00 ,1643.53,1631.83,1634.9,1641.3,22550.28
1677600000000.00 ,1646.38,1634.02,1641.29,1635.57,20505.68
1677603600000.00 ,1644.77,1635.26,1635.58,1643.82,12154.58
1677607200000.00 ,1645.87,1638.53,1643.81,1642.07,11857.66
1677610800000.00 ,1643.37,1622.46,1642.06,1628.01,20754.85
1677614400000.00 ,1633.35,1621.54,1628.01,1627.57,17791.15
1677618000000.00 ,1627.58,1596.66,1627.57,1605.19,44685.01
1677621600000.00 ,1613.75,1598.23,1605.19,1612.45,27109.49
1677625200000.00 ,1612.46,1603,1612.46,1605.23,19958.29
